[{"pos_x": 203.0, "pos_y": -93.0, "rotation": 0.0, "side": "top", "designator": "REF**", "mpn": null, "pack": "MountingHole_2.7mm_M2.5", "value": "MountingHole_2.7mm_M2.5", "mount_type": "tht", "place": false}, {"pos_x": 165.0, "pos_y": -93.0, "rotation": 0.0, "side": "top", "designator": "REF**", "mpn": null, "pack": "MountingHole_2.7mm_M2.5", "value": "MountingHole_2.7mm_M2.5", "mount_type": "tht", "place": false}, {"pos_x": 165.5, "pos_y": -56.0, "rotation": 0.0, "side": "top", "designator": "S2", "mpn": null, "pack": "JST_XH_B2B-XH-A_1x02_P2.50mm_Vertical", "value": "Conn_01x02_Socket", "mount_type": "tht", "place": true}, {"pos_x": 165.5, "pos_y": -65.0, "rotation": 0.0, "side": "top", "designator": "S1", "mpn": null, "pack": "JST_XH_B2B-XH-A_1x02_P2.50mm_Vertical", "value": "Conn_01x02_Socket", "mount_type": "tht", "place": true}, {"pos_x": 165.5, "pos_y": -74.0, "rotation": 0.0, "side": "top", "designator": "P4", "mpn": null, "pack": "JST_XH_B2B-XH-A_1x02_P2.50mm_Vertical", "value": "Conn_01x02_Socket", "mount_type": "tht", "place": true}, {"pos_x": 165.5, "pos_y": -83.0, "rotation": 0.0, "side": "top", "designator": "P3", "mpn": null, "pack": "JST_XH_B2B-XH-A_1x02_P2.50mm_Vertical", "value": "Conn_01x02_Socket", "mount_type": "tht", "place": true}, {"pos_x": 177.0, "pos_y": -79.0, "rotation": 0.0, "side": "top", "designator": "P2", "mpn": null, "pack": "JST_XH_B2B-XH-A_1x02_P2.50mm_Vertical", "value": "Conn_01x02_Socket", "mount_type": "tht", "place": true}, {"pos_x": 188.5, "pos_y": -79.0, "rotation": 0.0, "side": "top", "designator": "P1", "mpn": null, "pack": "JST_XH_B2B-XH-A_1x02_P2.50mm_Vertical", "value": "Conn_01x02_Socket", "mount_type": "tht", "place": true}, {"pos_x": 200.0, "pos_y": -83.0, "rotation": 0.0, "side": "top", "designator": "K4", "mpn": null, "pack": "JST_XH_B2B-XH-A_1x02_P2.50mm_Vertical", "value": "Conn_01x02_Socket", "mount_type": "tht", "place": true}, {"pos_x": 200.0, "pos_y": -74.0, "rotation": 0.0, "side": "top", "designator": "K3", "mpn": null, "pack": "JST_XH_B2B-XH-A_1x02_P2.50mm_Vertical", "value": "Conn_01x02_Socket", "mount_type": "tht", "place": true}, {"pos_x": 200.0, "pos_y": -65.0, "rotation": 0.0, "side": "top", "designator": "K2", "mpn": null, "pack": "JST_XH_B2B-XH-A_1x02_P2.50mm_Vertical", "value": "Conn_01x02_Socket", "mount_type": "tht", "place": true}, {"pos_x": 200.0, "pos_y": -56.0, "rotation": 0.0, "side": "top", "designator": "K1", "mpn": null, "pack": "JST_XH_B2B-XH-A_1x02_P2.50mm_Vertical", "value": "Conn_01x02_Socket", "mount_type": "tht", "place": true}, {"pos_x": 179.0, "pos_y": -89.0, "rotation": 0.0, "side": "top", "designator": "J1", "mpn": null, "pack": "JST_XH_B5B-XH-A_1x05_P2.50mm_Vertical", "value": "Conn_01x04_Socket", "mount_type": "tht", "place": true}, {"pos_x": 203.0, "pos_y": -49.5, "rotation": 0.0, "side": "top", "designator": "REF**", "mpn": null, "pack": "MountingHole_2.7mm_M2.5", "value": "MountingHole_2.7mm_M2.5", "mount_type": "tht", "place": false}, {"pos_x": 165.0, "pos_y": -49.5, "rotation": 0.0, "side": "top", "designator": "REF**", "mpn": null, "pack": "MountingHole_2.7mm_M2.5", "value": "MountingHole_2.7mm_M2.5", "mount_type": "tht", "place": false}, {"pos_x": 173.785, "pos_y": -69.625, "rotation": 0.0, "side": "top", "designator": "RZ1", "mpn": null, "pack": "RP2040-Zero", "value": "RP2040-Zero", "mount_type": "tht", "place": true}]